{
	"class_name" : "PinholeCameraParameters",
	"extrinsic" : 
	[
		0.97194184609486256,
		0.21867925334940691,
		0.086651208671643332,
		0.0,
		-0.22022330494481668,
		0.97541190789041865,
		0.0085618867521062951,
		0.0,
		-0.082648313769205617,
		-0.027404271567029584,
		0.99620191835339666,
		0.0,
		2.1894824463097668,
		1.1558003617023047,
		3.4519529237832023,
		1.0
	],
	"intrinsic" : 
	{
		"height" : 1001,
		"intrinsic_matrix" : 
		[
			866.89142918822313,
			0.0,
			0.0,
			0.0,
			866.89142918822313,
			0.0,
			959.5,
			500.0,
			1.0
		],
		"width" : 1920
	},
	"version_major" : 1,
	"version_minor" : 0
}